district,year,dem_votes,rep_votes,total_votes,dem_voteshare,winner,uncontested,pres_dem_voteshare
1,2012,16124,16993,33146,0.48645387075363544,R,false,0.4995
2,2012,12033,17082,29141,0.4129233725678597,R,false,0.4554
3,2012,11398,17387,29987,0.3800980424850769,R,false,0.4696
4,2012,12770,16029,28839,0.44280314851416486,R,false,0.4845
5,2012,12709,16117,28850,0.4405199306759099,R,false,0.4638
6,2012,10508,15423,25961,0.4047609876352991,R,false,0.4464
7,2012,16664,0,19524,0.8535136242573244,D,true,0.5778
8,2012,7869,0,8008,0.9826423576423576,D,true,0.8712
9,2012,14635,0,14843,0.9859866603786297,D,true,0.7536
10,2012,20038,0,20299,0.9871422237548648,D,true,0.9031
11,2012,16403,0,16604,0.9878944832570465,D,true,0.8732
12,2012,16193,0,16425,0.9858751902587519,D,true,0.8038
13,2012,13258,20367,33669,0.3937746888829487,R,false,0.4201
14,2012,14490,20976,35508,0.4080770530584657,R,false,0.4286
15,2012,12668,17745,30446,0.4160809301714511,R,false,0.4537
16,2012,16881,0,17089,0.9878284276435134,D,true,0.9095
17,2012,20288,0,23943,0.8473457795597878,D,true,0.8642
18,2012,16276,0,18510,0.8793084819016748,D,true,0.8978
19,2012,24856,0,25453,0.9765450045181314,D,true,0.7132
20,2012,16995,12500,29546,0.575204765450484,D,false,0.591
21,2012,11921,17403,29357,0.4060701025309126,R,false,0.4841
22,2012,0,23817,24165,0.0,R,true,0.3489
23,2012,13669,22536,36232,0.3772631927577832,R,false,0.428
24,2012,12594,20932,33559,0.37527935874132123,R,false,0.4338
25,2012,11947,16287,28295,0.4222300759851564,R,false,0.4755
26,2012,14257,15018,29294,0.4866866935208575,R,false,0.4588
27,2012,13148,18101,31269,0.42048034794844735,R,false,0.458
28,2012,12347,15865,28241,0.4372012322509826,R,false,0.4436
29,2012,12004,15237,27287,0.43991644372778244,R,false,0.4904
30,2012,13657,17261,30938,0.44143124959596614,R,false,0.4695
31,2012,12653,16463,29151,0.4340502898699873,R,false,0.4701
32,2012,10828,15586,27294,0.3967172272294277,R,false,0.4193
33,2012,10229,18891,30087,0.33998072257121015,R,false,0.4039
34,2012,12297,19442,34016,0.3615063499529633,R,false,0.4505
35,2012,12149,15481,29045,0.4182819762437597,R,false,0.4737
36,2012,10997,15886,26902,0.4087800163556613,R,false,0.4697
37,2012,13289,15799,29172,0.45553955848073496,R,false,0.4648
38,2012,12795,19181,32781,0.39031756200237944,R,false,0.4203
39,2012,11446,17465,28933,0.3956036359865897,R,false,0.4256
40,2012,0,21127,21403,0.0,R,true,0.455
41,2012,10906,15035,25958,0.4201402265197627,R,false,0.4911
42,2012,12567,16394,28975,0.43371872303710096,R,false,0.5154
43,2012,17612,12894,30585,0.5758378290011443,D,false,0.5924
44,2012,16983,10571,27597,0.6153929774975541,D,false,0.6415
45,2012,15753,8906,24712,0.6374635804467466,D,false,0.6472
46,2012,20171,10951,31131,0.6479393530564389,D,false,0.6421
47,2012,22113,9054,31203,0.7086818575137006,D,false,0.7185
48,2012,24375,0,29296,0.8320248498088476,D,true,0.7813
49,2012,11977,14218,26235,0.45652753954640746,R,false,0.5714
50,2012,11945,12842,25533,0.46782595073042726,R,false,0.5468
51,2012,13238,14279,27539,0.4807000980427757,R,false,0.5979
52,2012,10575,16313,26899,0.3931372913491208,R,false,0.4552
53,2012,10410,15844,26285,0.3960433707437702,R,false,0.4384
54,2012,17400,11594,29058,0.5988023952095808,D,false,0.5828
55,2012,10202,19142,30408,0.3355038147855827,R,false,0.4809
56,2012,13071,18306,31407,0.4161811061228389,R,false,0.436
57,2012,19862,0,21124,0.9402575269835258,D,true,0.5977
58,2012,0,26945,27248,0.0,R,true,0.3156
59,2012,0,25172,25369,0.0,R,true,0.3157
60,2012,9682,23905,33633,0.2878720304462879,R,false,0.3213
61,2012,13186,16589,29798,0.4425129203302235,R,false,0.4486
62,2012,15054,17045,32130,0.4685340802987862,R,false,0.461
63,2012,12637,17704,30362,0.41621105329029706,R,false,0.4307
64,2012,20264,0,20926,0.9683647137532256,D,true,0.595
65,2012,18373,0,18750,0.9798933333333333,D,true,0.6785
66,2012,16830,0,17060,0.9865181711606096,D,true,0.7599
67,2012,13325,15194,28538,0.46692129791856474,R,false,0.4875
68,2012,12482,13758,26263,0.47526939039713667,R,false,0.517
69,2012,9998,15785,25806,0.38742928001240023,R,false,0.4418
70,2012,13518,13374,26936,0.5018562518562518,D,false,0.4922
71,2012,17619,11279,28968,0.6082228666114333,D,false,0.5838
72,2012,14029,14138,28185,0.4977470285612915,R,false,0.4929
73,2012,22686,0,22953,0.9883675336557313,D,true,0.618
74,2012,18582,12911,31509,0.5897362658288108,D,false,0.5855
75,2012,14456,13841,28334,0.5101997600056469,D,false,0.4814
76,2012,31663,0,31948,0.9910792537874046,D,true,0.8387
77,2012,27622,0,27801,0.9935613826840761,D,true,0.8354
78,2012,22853,0,30294,0.7543738033934112,D,true,0.7281
79,2012,24683,0,24995,0.9875175035007001,D,true,0.6139
80,2012,20864,11771,32675,0.638530986993114,D,false,0.6457
81,2012,17829,10995,28835,0.6183110802843766,D,false,0.62
82,2012,11896,18032,29972,0.39690377685840117,R,false,0.4331
83,2012,9967,23034,33024,0.3018108042635659,R,false,0.3137
84,2012,10882,18379,29325,0.37108269394714405,R,false,0.4267
85,2012,13930,13025,28026,0.4970384642831656,D,false,0.5266
86,2012,13644,17175,30867,0.4420254640878608,R,false,0.4441
87,2012,11100,15680,26795,0.41425639111774587,R,false,0.4537
88,2012,13085,14445,27566,0.4746789523325836,R,false,0.4922
89,2012,11129,16081,27232,0.40867361927144535,R,false,0.4649
90,2012,11353,7432,18856,0.6020895205770047,D,false,0.6432
91,2012,23030,0,23674,0.9727971614429332,D,true,0.6167
92,2012,20308,0,20562,0.9876471160392958,D,true,0.5653
93,2012,15114,15612,30742,0.4916401014898185,R,false,0.4762
94,2012,18566,12068,30644,0.6058608536744551,D,false,0.5213
95,2012,22531,0,22783,0.9889391212746346,D,true,0.6552
96,2012,10426,15344,25779,0.4044377206253152,R,false,0.5641
97,2012,10051,18399,28481,0.35290193462308206,R,false,0.4034
98,2012,9503,22665,32187,0.29524342125702924,R,false,0.3398
99,2012,8166,26314,34495,0.2367299608638933,R,false,0.2687
1,2014,12256,16072,28328,0.4326461451567354,R,false,0.4995
2,2014,0,18994,18994,0.0,R,true,0.4554
3,2014,0,19542,19542,0.0,R,true,0.4696
4,2014,10026,14467,24493,0.40934144449434534,R,false,0.4845
5,2014,9084,15045,24129,0.37647643913962453,R,false,0.4638
6,2014,0,18696,18696,0.0,R,true,0.4464
7,2014,11065,8800,19865,0.5570098162597533,D,false,0.5778
8,2014,5155,1271,6426,0.8022097727980081,D,false,0.8712
9,2014,8507,0,8507,1.0,D,true,0.7536
10,2014,20242,0,20242,1.0,D,true,0.9031
11,2014,17328,0,17328,1.0,D,true,0.8732
12,2014,16494,3,16497,0.999818148754319,D,false,0.8038
13,2014,0,20710,20710,0.0,R,true,0.4201
14,2014,0,21954,21954,0.0,R,true,0.4286
15,2014,9057,15427,24484,0.3699150465610194,R,false,0.4537
16,2014,16183,0,16183,1.0,D,true,0.9095
17,2014,19666,0,22468,0.8752893003382588,D,true,0.8642
18,2014,16522,0,16522,1.0,D,true,0.8978
19,2014,18077,0,22020,0.8209355131698456,D,true,0.7132
20,2014,13400,10481,23881,0.5611155311754115,D,false,0.591
21,2014,0,16051,16051,0.0,R,true,0.4841
22,2014,8789,20607,29396,0.2989862566335556,R,false,0.3489
23,2014,11470,20006,31476,0.3644046257466006,R,false,0.428
24,2014,0,21818,21818,0.0,R,true,0.4338
25,2014,0,17042,17042,0.0,R,true,0.4755
26,2014,9064,14352,23416,0.3870857533310557,R,false,0.4588
27,2014,9447,16042,25489,0.370630468045039,R,false,0.458
28,2014,7736,12747,20483,0.37767905092027537,R,false,0.4436
29,2014,0,14953,14953,0.0,R,true,0.4904
30,2014,8658,13951,23356,0.3706970371638979,R,false,0.4695
31,2014,0,17721,17721,0.0,R,true,0.4701
32,2014,7094,13714,20808,0.3409265667051134,R,false,0.4193
33,2014,0,19429,19429,0.0,R,true,0.4039
34,2014,0,22085,22085,0.0,R,true,0.4505
35,2014,0,18713,18713,0.0,R,true,0.4737
36,2014,0,18504,18504,0.0,R,true,0.4697
37,2014,10058,14400,24458,0.4112355875378199,R,false,0.4648
38,2014,10281,17481,27762,0.37032634536416686,R,false,0.4203
39,2014,0,16793,22770,0.0,R,true,0.4256
40,2014,0,18424,18424,0.0,R,true,0.455
41,2014,8409,13152,21561,0.39000973980798664,R,false,0.4911
42,2014,10518,14238,24756,0.42486669898206497,R,false,0.5154
43,2014,14116,9493,23609,0.5979075776187047,D,false,0.5924
44,2014,13354,6298,19652,0.6795237125992265,D,false,0.6415
45,2014,12856,0,12856,1.0,D,true,0.6472
46,2014,20014,0,20014,1.0,D,true,0.6421
47,2014,20332,0,24928,0.8156290115532734,D,true,0.7185
48,2014,23423,0,23423,1.0,D,true,0.7813
49,2014,7689,12240,19929,0.3858196597922625,R,false,0.5714
50,2014,8600,11775,20375,0.42208588957055215,R,false,0.5468
51,2014,10577,10642,22396,0.4722718342561172,R,false,0.5979
52,2014,0,17523,17523,0.0,R,true,0.4552
53,2014,0,17618,17618,0.0,R,true,0.4384
54,2014,11228,10571,21799,0.5150694986008533,D,false,0.5828
55,2014,10240,14027,24267,0.421972225656241,R,false,0.4809
56,2014,0,20844,20844,0.0,R,true,0.436
57,2014,11162,9432,20594,0.5420025250072836,D,false,0.5977
58,2014,0,22087,22087,0.0,R,true,0.3156
59,2014,0,22417,22417,0.0,R,true,0.3157
60,2014,5,24066,24071,0.00020771883178929003,R,false,0.3213
61,2014,0,17452,17452,0.0,R,true,0.4486
62,2014,0,18761,18761,0.0,R,true,0.461
63,2014,8917,15361,24278,0.3672872559518906,R,false,0.4307
64,2014,13887,0,13887,1.0,D,true,0.595
65,2014,11599,0,11599,1.0,D,true,0.6785
66,2014,12062,0,14843,0.8126389543892744,D,true,0.7599
67,2014,8691,13353,22044,0.3942569406641263,R,false,0.4875
68,2014,10076,11289,21365,0.47161245026913173,R,false,0.517
69,2014,6380,14233,20613,0.3095134138650366,R,false,0.4418
70,2014,10508,11766,22274,0.4717607973421927,R,false,0.4922
71,2014,17134,0,17134,1.0,D,true,0.5838
72,2014,10317,13113,23430,0.4403329065300896,R,false,0.4929
73,2014,15602,0,15602,1.0,D,true,0.618
74,2014,14663,10862,25525,0.5744564152791382,D,false,0.5855
75,2014,9643,11730,21373,0.45117671828943057,R,false,0.4814
76,2014,27102,0,27102,1.0,D,true,0.8387
77,2014,25268,0,25268,1.0,D,true,0.8354
78,2014,23014,0,23014,1.0,D,true,0.7281
79,2014,18843,11406,30249,0.622929683625905,D,false,0.6139
80,2014,21633,0,21633,1.0,D,true,0.6457
81,2014,12934,10892,23826,0.542852346176446,D,false,0.62
82,2014,0,19210,19210,0.0,R,true,0.4331
83,2014,7877,21382,29259,0.26921630951160325,R,false,0.3137
84,2014,0,19700,19700,0.0,R,true,0.4267
85,2014,11082,11167,22249,0.49808980178884443,R,false,0.5266
86,2014,9528,15875,25403,0.3750738101799,R,false,0.4441
87,2014,7098,14173,21271,0.33369376145926377,R,false,0.4537
88,2014,10046,12915,22961,0.4375244980619311,R,false,0.4922
89,2014,0,18483,18483,0.0,R,true,0.4649
90,2014,7953,5342,14459,0.5500380385918805,D,false,0.6432
91,2014,14686,0,14686,1.0,D,true,0.6167
92,2014,11862,9096,20958,0.5659891210993415,D,false,0.5653
93,2014,10749,13367,24116,0.44572068336374193,R,false,0.4762
94,2014,13670,11617,25287,0.5405939810970064,D,false,0.5213
95,2014,17037,0,17037,1.0,D,true,0.6552
96,2014,8839,12683,21522,0.41069603196728927,R,false,0.5641
97,2014,0,17804,17804,0.0,R,true,0.4034
98,2014,0,21357,21357,0.0,R,true,0.3398
99,2014,6593,23232,29825,0.22105616093880973,R,false,0.2687
1,2016,13289,20044,33333,0.3986739867398674,R,false,0.4209
2,2016,0,20039,28876,0.0,R,true,0.3803
3,2016,11969,18361,30330,0.39462578305308277,R,false,0.4176
4,2016,12016,17817,29833,0.402775450005028,R,false,0.4518
5,2016,10933,19941,30874,0.3541167325257498,R,false,0.3768
6,2016,7944,18690,26634,0.2982653750844785,R,false,0.3246
7,2016,13514,9212,24029,0.5624037621207707,D,false,0.5848
8,2016,8528,0,8528,1.0,D,true,0.8536
9,2016,12142,0,12142,1.0,D,true,0.7501
10,2016,21228,0,21228,1.0,D,true,0.9168
11,2016,18418,0,18418,1.0,D,true,0.8749
12,2016,18642,0,18642,1.0,D,true,0.8164
13,2016,0,23904,23904,0.0,R,true,0.4925
14,2016,14934,20001,34935,0.4274796049806784,R,false,0.5228
15,2016,0,21525,21525,0.0,R,true,0.4635
16,2016,18019,0,18019,1.0,D,true,0.9149
17,2016,21715,0,21715,1.0,D,true,0.8772
18,2016,18006,0,18006,1.0,D,true,0.8996
19,2016,26732,0,26732,1.0,D,true,0.7829
20,2016,21222,0,21222,1.0,D,true,0.5849
21,2016,11338,16589,27927,0.40598703763383104,R,false,0.4722
22,2016,0,26131,26131,0.0,R,true,0.3732
23,2016,0,25670,25670,0.0,R,true,0.5296
24,2016,0,24047,24047,0.0,R,true,0.4809
25,2016,9305,17325,26630,0.34941794968081114,R,false,0.3799
26,2016,11283,16583,27866,0.40490203114907053,R,false,0.4132
27,2016,11501,18644,30145,0.38152264057057556,R,false,0.4276
28,2016,9837,17612,29029,0.3388680285232009,R,false,0.3452
29,2016,10661,16774,27435,0.3885912156005103,R,false,0.4167
30,2016,12358,17790,31722,0.3895719059327911,R,false,0.4574
31,2016,10348,18465,28813,0.35914344219623084,R,false,0.4309
32,2016,10090,16862,26952,0.37436924903532204,R,false,0.3707
33,2016,11246,18851,30097,0.3736585041698508,R,false,0.3748
34,2016,12715,21686,34401,0.3696113485073108,R,false,0.3691
35,2016,9564,18622,28186,0.33931739161285746,R,false,0.3649
36,2016,0,22899,22899,0.0,R,true,0.3327
37,2016,10990,17821,28811,0.3814515289299226,R,false,0.4234
38,2016,12288,20708,32996,0.3724087768214329,R,false,0.4023
39,2016,9192,19028,28220,0.3257264351523742,R,false,0.3453
40,2016,9801,17866,27667,0.35424874399103623,R,false,0.3417
41,2016,0,17711,25093,0.0,R,true,0.377
42,2016,11867,16842,28709,0.41335469713330314,R,false,0.425
43,2016,16179,13427,29606,0.5464770654597041,D,false,0.5358
44,2016,19948,0,19948,1.0,D,true,0.5895
45,2016,17867,0,17867,1.0,D,true,0.5579
46,2016,24678,0,24678,1.0,D,true,0.6517
47,2016,19154,0,27750,0.6902342342342342,D,true,0.7561
48,2016,26534,0,26534,1.0,D,true,0.7978
49,2016,11344,15056,26400,0.4296969696969697,R,false,0.4503
50,2016,10762,14774,25536,0.4214442355889724,R,false,0.4021
51,2016,13189,13912,27101,0.48666100881886276,R,false,0.5097
52,2016,9829,17293,27122,0.36239952805840275,R,false,0.4016
53,2016,0,21641,21641,0.0,R,true,0.3595
54,2016,17923,0,25605,0.6999804725639523,D,true,0.5271
55,2016,11523,18393,29916,0.3851784997994384,R,false,0.4471
56,2016,11551,21022,32573,0.35461885610781935,R,false,0.4013
57,2016,19048,0,19048,1.0,D,true,0.5564
58,2016,0,25457,25457,0.0,R,true,0.2995
59,2016,0,25847,25847,0.0,R,true,0.2681
60,2016,0,23806,31701,0.0,R,true,0.3412
61,2016,9792,19622,29414,0.332902699394846,R,false,0.3842
62,2016,0,22523,22523,0.0,R,true,0.4328
63,2016,10487,18771,29258,0.3584318818784606,R,false,0.3981
64,2016,18799,0,18799,1.0,D,true,0.5545
65,2016,16112,0,16112,1.0,D,true,0.6127
66,2016,13526,0,16633,0.8132026693921722,D,true,0.7195
67,2016,10308,18574,28882,0.35690049165570253,R,false,0.3851
68,2016,11263,15628,26891,0.4188390167714105,R,false,0.4244
69,2016,0,21443,21443,0.0,R,true,0.3592
70,2016,10266,16963,27229,0.37702449594182674,R,false,0.3888
71,2016,21834,0,21834,1.0,D,true,0.5378
72,2016,12279,15972,28251,0.4346394817882553,R,false,0.3869
73,2016,22107,0,22107,1.0,D,true,0.5
74,2016,22624,0,22624,1.0,D,true,0.4833
75,2016,10894,17786,28680,0.3798465829846583,R,false,0.3623
76,2016,33628,6877,40505,0.8302184915442538,D,false,0.8788
77,2016,29069,0,29069,1.0,D,true,0.8794
78,2016,25362,0,32023,0.7919932548480779,D,true,0.7952
79,2016,23211,13105,36316,0.6391397731027646,D,false,0.6589
80,2016,26250,0,26250,1.0,D,true,0.6565
81,2016,17270,11265,28535,0.6052216576134571,D,false,0.5433
82,2016,0,21080,21080,0.0,R,true,0.4574
83,2016,0,26596,26596,0.0,R,true,0.3105
84,2016,0,21987,21987,0.0,R,true,0.4356
85,2016,12837,14722,27559,0.46580064588700604,R,false,0.4723
86,2016,11142,18246,31435,0.3544456815651344,R,false,0.3795
87,2016,8554,18179,26733,0.31997905210788163,R,false,0.3231
88,2016,11312,17742,29054,0.38934398017484684,R,false,0.4628
89,2016,9055,19429,28484,0.31789776716753265,R,false,0.3363
90,2016,14387,0,14387,1.0,D,true,0.5724
91,2016,17780,11341,29121,0.6105559561828234,D,false,0.6036
92,2016,12540,13605,26145,0.47963281698221455,R,false,0.4297
93,2016,0,24298,24298,0.0,R,true,0.405
94,2016,16721,15049,31770,0.5263141328297136,D,false,0.4812
95,2016,23020,0,23020,1.0,D,true,0.6261
96,2016,10186,16000,26186,0.38898648132589936,R,false,0.4535
97,2016,0,21611,21611,0.0,R,true,0.4197
98,2016,0,25592,25592,0.0,R,true,0.3713
99,2016,0,28597,28597,0.0,R,true,0.3039
1,2018,0,20651,30202,0.0,R,true,0.4209
2,2018,10118,15014,27389,0.3694183796414619,R,false,0.3803
3,2018,11775,15847,27624,0.42625977410947,R,false,0.4176
4,2018,12585,15291,27899,0.451091436969067,R,false,0.4518
5,2018,10952,17175,28127,0.3893767554307249,R,false,0.3768
6,2018,7693,15028,24398,0.3153127305516846,R,false,0.3246
7,2018,15187,0,19400,0.7828350515463918,D,true,0.5848
8,2018,7384,1639,9038,0.8169949103784023,D,false,0.8536
9,2018,11453,0,11692,0.9795586725966473,D,true,0.7501
10,2018,20961,0,21149,0.9911106908128043,D,true,0.9168
11,2018,17162,0,17380,0.9874568469505178,D,true,0.8749
12,2018,17428,0,17702,0.9845215229917523,D,true,0.8164
13,2018,15662,16617,32323,0.4845466076787427,R,false,0.4925
14,2018,16597,16459,34162,0.4858322112288508,D,false,0.5228
15,2018,11768,15089,26891,0.4376185340820349,R,false,0.4635
16,2018,16861,0,17066,0.9879878120239072,D,true,0.9149
17,2018,20820,0,21021,0.9904381332952762,D,true,0.8772
18,2018,17426,0,17603,0.9899448957564052,D,true,0.8996
19,2018,27543,0,28249,0.9750079648837127,D,true,0.7829
20,2018,20245,0,21069,0.960890407708007,D,true,0.5849
21,2018,11806,14280,26123,0.451938904413735,R,false,0.4722
22,2018,11738,21155,32922,0.35653969989672557,R,false,0.3732
23,2018,16939,18321,35281,0.4801167767353533,R,false,0.5296
24,2018,15244,17650,32906,0.4632589801252051,R,false,0.4809
25,2018,9042,14785,23838,0.3793103448275862,R,false,0.3799
26,2018,10466,14485,24966,0.4192101257710486,R,false,0.4132
27,2018,11186,16533,27735,0.40331710834685414,R,false,0.4276
28,2018,10028,14441,24473,0.40975769215053326,R,false,0.3452
29,2018,9750,12523,22896,0.4258385744234801,R,false,0.4167
30,2018,13015,15240,28271,0.4603657458172686,R,false,0.4574
31,2018,11305,15299,26623,0.42463283626939113,R,false,0.4309
32,2018,10182,14815,25015,0.40703577853288025,R,false,0.3707
33,2018,10219,17236,27478,0.3718975180144115,R,false,0.3748
34,2018,12096,19699,31816,0.38018606990193615,R,false,0.3691
35,2018,9714,16380,26107,0.3720841153713563,R,false,0.3649
36,2018,8338,16938,25283,0.32978681327374126,R,false,0.3327
37,2018,0,19616,20433,0.0,R,true,0.4234
38,2018,13286,18056,31361,0.4236472051273875,R,false,0.4023
39,2018,9210,15940,25150,0.3662027833001988,R,false,0.3453
40,2018,8759,15794,24555,0.35670942781510895,R,false,0.3417
41,2018,8984,15257,24249,0.3704895047218442,R,false,0.377
42,2018,11209,15299,26529,0.4225187530626861,R,false,0.425
43,2018,16241,10288,26564,0.6113913567233851,D,false,0.5358
44,2018,18005,0,18472,0.9747184928540493,D,true,0.5895
45,2018,14198,0,17950,0.790974930362117,D,true,0.5579
46,2018,24011,0,24697,0.9722233469652184,D,true,0.6517
47,2018,25706,0,26226,0.9801723480515518,D,true,0.7561
48,2018,27794,0,28297,0.9822242640562604,D,true,0.7978
49,2018,8968,12858,21844,0.41054751876945617,R,false,0.4503
50,2018,9658,12379,22700,0.4254625550660793,R,false,0.4021
51,2018,12113,12445,24573,0.4929394050380499,R,false,0.5097
52,2018,9427,15164,24604,0.3831490814501707,R,false,0.4016
53,2018,8812,15160,23986,0.36738097223380306,R,false,0.3595
54,2018,18019,0,19160,0.9404488517745303,D,true,0.5271
55,2018,12283,15122,27418,0.44799037128893426,R,false,0.4471
56,2018,12110,18033,30147,0.4016983447772581,R,false,0.4013
57,2018,16946,0,17257,0.9819783276351626,D,true,0.5564
58,2018,8368,20471,28839,0.2901626269981622,R,false,0.2995
59,2018,0,23339,23504,0.0,R,true,0.2681
60,2018,11182,20702,31920,0.3503132832080201,R,false,0.3412
61,2018,10207,16606,26841,0.380276442755486,R,false,0.3842
62,2018,13161,16035,29223,0.450364438969305,R,false,0.4328
63,2018,10705,16775,27499,0.3892868831593876,R,false,0.3981
64,2018,16773,0,21416,0.7831994770265223,D,true,0.5545
65,2018,14456,0,14931,0.9681869935034492,D,true,0.6127
66,2018,14450,0,14896,0.9700590762620838,D,true,0.7195
67,2018,9878,15970,25848,0.38215722686474773,R,false,0.3851
68,2018,10394,14129,24533,0.4236742347042759,R,false,0.4244
69,2018,1576,17257,18905,0.0833641893678921,R,false,0.3592
70,2018,9223,15027,24273,0.3799695134511597,R,false,0.3888
71,2018,20548,0,21022,0.9774521929407287,D,true,0.5378
72,2018,10992,14773,25773,0.42649284134559423,R,false,0.3869
73,2018,18510,16,19094,0.9694144757515449,D,false,0.5
74,2018,15738,12276,28022,0.5616301477410606,D,false,0.4833
75,2018,9078,14925,24004,0.3781869688385269,R,false,0.3623
76,2018,36891,0,37478,0.9843374779870857,D,true,0.8788
77,2018,29347,0,29741,0.9867522948118759,D,true,0.8794
78,2018,30044,0,30639,0.980580306145762,D,true,0.7952
79,2018,28079,0,28776,0.9757784264664998,D,true,0.6589
80,2018,26189,0,26808,0.9769098776484632,D,true,0.6565
81,2018,19766,0,20038,0.9864257909971055,D,true,0.5433
82,2018,0,18039,26538,0.0,R,true,0.4574
83,2018,9624,22351,31998,0.3007687980498781,R,false,0.3105
84,2018,12341,16684,29047,0.4248631528212896,R,false,0.4356
85,2018,11150,13791,24962,0.4466789520070507,R,false,0.4723
86,2018,10575,17174,28717,0.36824877250409166,R,false,0.3795
87,2018,8027,15682,23719,0.33842067540790083,R,false,0.3231
88,2018,12793,14628,27440,0.46621720116618076,R,false,0.4628
89,2018,8461,17091,25565,0.33096029728143944,R,false,0.3363
90,2018,12994,0,13487,0.9634462816045081,D,true,0.5724
91,2018,17512,8798,26347,0.664667704102934,D,false,0.6036
92,2018,10537,12955,23499,0.4484020596621133,R,false,0.4297
93,2018,11435,15935,27381,0.4176253606515467,R,false,0.405
94,2018,17498,11567,29065,0.6020299329089971,D,false,0.4812
95,2018,21989,0,21989,1.0,D,true,0.6261
96,2018,11536,12327,23866,0.4833654571356742,R,false,0.4535
97,2018,0,18945,19729,0.0,R,true,0.4197
98,2018,0,23005,23689,0.0,R,true,0.3713
99,2018,0,26251,26803,0.0,R,true,0.3039
1,2020,14462,23441,37920,0.3813818565400844,R,false,0.4253
2,2020,12970,22244,35248,0.3679641398093509,R,false,0.3856
3,2020,14703,21316,36023,0.4081559003969686,R,false,0.4374
4,2020,15804,17811,33630,0.46993755575379126,R,false,0.4843
5,2020,0,29401,29579,0.0,R,true,0.3819
6,2020,9378,21283,30666,0.305810995891215,R,false,0.3183
7,2020,19431,0,20009,0.9711129991503823,D,true,0.6122
8,2020,8914,2375,11326,0.7870386720819353,D,false,0.7987
9,2020,11981,4458,16464,0.7277089407191448,D,false,0.7252
10,2020,22208,0,22438,0.9897495320438542,D,true,0.9085
11,2020,18329,3299,21654,0.8464486930821096,D,false,0.8608
12,2020,18539,4117,22699,0.8167320146261949,D,false,0.8217
13,2020,19318,18583,37928,0.5093334739506433,D,false,0.5455
14,2020,21370,18186,39579,0.539932792642563,D,false,0.5786
15,2020,14134,17133,31308,0.4514501085984413,R,false,0.4964
16,2020,17664,0,19867,0.8891125987818996,D,true,0.9097
17,2020,22418,3638,26089,0.8592893556671394,D,false,0.8721
18,2020,18775,0,18964,0.9900337481543978,D,true,0.8853
19,2020,27552,7535,35139,0.7840860582259028,D,false,0.812
20,2020,22750,0,23492,0.968414779499404,D,true,0.6092
21,2020,14708,17729,32466,0.4530277829113534,R,false,0.4906
22,2020,0,29508,30575,0.0,R,true,0.4045
23,2020,21052,19728,40810,0.5158539573633913,D,false,0.5701
24,2020,18924,20075,39019,0.48499448986391247,R,false,0.5218
25,2020,10703,19593,30314,0.3530711882298608,R,false,0.3799
26,2020,12675,18224,30925,0.40986257073565074,R,false,0.4208
27,2020,0,26223,26952,0.0,R,true,0.4292
28,2020,12230,21678,33911,0.3606499365987438,R,false,0.3542
29,2020,12509,18961,31483,0.39732554076803356,R,false,0.4049
30,2020,16322,20711,37062,0.44039717230586584,R,false,0.4864
31,2020,13551,19962,33543,0.4039889097576245,R,false,0.4419
32,2020,12460,20164,32657,0.38154147655939,R,false,0.385
33,2020,13228,21496,34755,0.3806071068910948,R,false,0.3856
34,2020,14267,24652,38964,0.3661585052869315,R,false,0.3902
35,2020,11105,20913,32020,0.3468144909431605,R,false,0.3578
36,2020,0,26932,26954,0.0,R,true,0.3261
37,2020,14142,19406,34602,0.40870469915033814,R,false,0.4456
38,2020,16163,22786,38972,0.41473365493174585,R,false,0.4201
39,2020,10049,22085,32134,0.31272172776498414,R,false,0.3436
40,2020,9654,21902,31568,0.3058160162189559,R,false,0.3369
41,2020,10428,18604,30724,0.33940893112875925,R,false,0.3777
42,2020,13381,19404,32802,0.40793244314371074,R,false,0.4237
43,2020,17643,14263,31939,0.5523967563167288,D,false,0.5379
44,2020,17205,11335,28621,0.6011320359176828,D,false,0.6
45,2020,14451,11895,26370,0.5480091012514221,D,false,0.5455
46,2020,25919,12331,38285,0.6770014365939663,D,false,0.6828
47,2020,27947,9331,37317,0.7489080043947799,D,false,0.7784
48,2020,30074,7650,37769,0.7962614842860547,D,false,0.8147
49,2020,11528,16741,28282,0.4076090799801994,R,false,0.4385
50,2020,10872,18757,29638,0.3668263715500371,R,false,0.3946
51,2020,14679,15937,30624,0.47932993730407525,R,false,0.5
52,2020,11674,19028,30702,0.3802358152563351,R,false,0.4146
53,2020,0,19758,28846,0.0,R,true,0.3711
54,2020,15487,13063,28583,0.5418255606479376,D,false,0.549
55,2020,15658,19056,34749,0.45060289504733947,R,false,0.4824
56,2020,15054,23083,38142,0.3946830265848671,R,false,0.4347
57,2020,15972,12277,28260,0.5651804670912951,D,false,0.5747
58,2020,0,28272,28272,0.0,R,true,0.3196
59,2020,0,29123,29186,0.0,R,true,0.2668
60,2020,0,28853,29817,0.0,R,true,0.3697
61,2020,8,28254,29352,0.0002725538293813028,R,false,0.3832
62,2020,14463,20540,35034,0.4128275389621511,R,false,0.4442
63,2020,14132,19919,34087,0.4145862058849415,R,false,0.414
64,2020,16364,12813,29219,0.560046545056299,D,false,0.5442
65,2020,14356,9444,23829,0.602459188383902,D,false,0.5886
66,2020,14522,6131,20694,0.7017492993138108,D,false,0.6968
67,2020,11923,21172,33098,0.3602332467218563,R,false,0.3848
68,2020,12162,18993,31162,0.3902830370322829,R,false,0.4195
69,2020,9606,18568,28197,0.34067453984466434,R,false,0.3587
70,2020,10318,20708,31046,0.33234555176190167,R,false,0.3847
71,2020,17753,14206,31979,0.5551455642765565,D,false,0.5373
72,2020,12623,19208,31851,0.3963140874697812,R,false,0.3904
73,2020,16625,16486,33113,0.5020686739347084,D,false,0.5059
74,2020,18163,17119,35293,0.5146346300966197,D,false,0.4921
75,2020,12141,20108,32258,0.3763717527435055,R,false,0.3605
76,2020,35731,4779,40594,0.8802039710302015,D,false,0.9038
77,2020,30741,0,31113,0.9880435830681709,D,true,0.8944
78,2020,34576,0,35296,0.9796010879419764,D,true,0.815
79,2020,29719,14507,44267,0.6713578964013825,D,false,0.6884
80,2020,26526,14590,41138,0.6448052895133454,D,false,0.6725
81,2020,18914,14314,33241,0.5689961192503235,D,false,0.5533
82,2020,15925,17205,34249,0.4649770796227627,R,false,0.4882
83,2020,11748,27019,38802,0.3027678985619298,R,false,0.3337
84,2020,0,25031,26025,0.0,R,true,0.4659
85,2020,13515,16599,30132,0.44852648347272,R,false,0.4844
86,2020,0,28267,28853,0.0,R,true,0.3834
87,2020,8887,21595,30490,0.291472613971794,R,false,0.3264
88,2020,15673,17214,32906,0.4762961162098098,R,false,0.4882
89,2020,10374,22823,33207,0.3124040112024573,R,false,0.3432
90,2020,12756,8429,21210,0.6014144271570014,D,false,0.5921
91,2020,18758,11530,30322,0.6186267396609723,D,false,0.6284
92,2020,12220,17301,29534,0.41376041172885486,R,false,0.4137
93,2020,13773,22179,35973,0.3828704861979818,R,false,0.4167
94,2020,19186,16526,36590,0.5243509155506969,D,false,0.4968
95,2020,19684,10271,29992,0.6563083488930381,D,false,0.6564
96,2020,13059,16812,29876,0.43710670772526444,R,false,0.4459
97,2020,12770,18556,31364,0.40715469965565615,R,false,0.4454
98,2020,0,28221,29114,0.0,R,true,0.4086
99,2020,0,31741,32502,0.0,R,true,0.3467
